Q4_answer,Q5_answer
I found Question 4 quite challenging.,I would recommend further research.
See my attached notes.,I would recommend further research.
Could you clarify the assumptions?,No comment.
Could you clarify the assumptions?,N/A
Could you clarify the assumptions?,N/A
See my attached notes.,N/A
I found Question 4 quite challenging.,My opinion is that...
N/A,N/A
N/A,My opinion is that...
N/A,No comment.
N/A,My opinion is that...
Could you clarify the assumptions?,No comment.
N/A,My opinion is that...
N/A,I would recommend further research.
N/A,N/A
See my attached notes.,My opinion is that...
Could you clarify the assumptions?,No comment.
See my attached notes.,N/A
Could you clarify the assumptions?,I would recommend further research.
Could you clarify the assumptions?,No comment.
N/A,I would recommend further research.
I found Question 4 quite challenging.,My opinion is that...
See my attached notes.,No comment.
See my attached notes.,I would recommend further research.
See my attached notes.,N/A
Could you clarify the assumptions?,I would recommend further research.
N/A,I would recommend further research.
Could you clarify the assumptions?,My opinion is that...
See my attached notes.,My opinion is that...
I found Question 4 quite challenging.,No comment.
I found Question 4 quite challenging.,My opinion is that...
N/A,My opinion is that...
Could you clarify the assumptions?,I would recommend further research.
See my attached notes.,My opinion is that...
N/A,I would recommend further research.
Could you clarify the assumptions?,N/A
Could you clarify the assumptions?,I would recommend further research.
See my attached notes.,N/A
I found Question 4 quite challenging.,My opinion is that...
I found Question 4 quite challenging.,I would recommend further research.
Could you clarify the assumptions?,No comment.
N/A,N/A
I found Question 4 quite challenging.,I would recommend further research.
N/A,I would recommend further research.
I found Question 4 quite challenging.,N/A
Could you clarify the assumptions?,N/A
See my attached notes.,I would recommend further research.
N/A,No comment.
Could you clarify the assumptions?,My opinion is that...
I found Question 4 quite challenging.,I would recommend further research.
Could you clarify the assumptions?,N/A
See my attached notes.,No comment.
N/A,No comment.
N/A,N/A
See my attached notes.,I would recommend further research.
I found Question 4 quite challenging.,I would recommend further research.
I found Question 4 quite challenging.,No comment.
I found Question 4 quite challenging.,N/A
Could you clarify the assumptions?,My opinion is that...
See my attached notes.,N/A
I found Question 4 quite challenging.,N/A
I found Question 4 quite challenging.,I would recommend further research.
N/A,N/A
N/A,I would recommend further research.
Could you clarify the assumptions?,No comment.
Could you clarify the assumptions?,I would recommend further research.
N/A,My opinion is that...
N/A,I would recommend further research.
See my attached notes.,I would recommend further research.
N/A,No comment.
Could you clarify the assumptions?,N/A
See my attached notes.,No comment.
I found Question 4 quite challenging.,N/A
See my attached notes.,I would recommend further research.
See my attached notes.,No comment.
N/A,I would recommend further research.
N/A,No comment.
N/A,My opinion is that...
I found Question 4 quite challenging.,N/A
I found Question 4 quite challenging.,No comment.
